[
  {
    "id": "b3a33b18-3c64-418d-9ea6-d2645429188a",
    "data": [
      {
        "text": "who are you",
        "userDefined": false
      }
    ],
    "isTemplate": false,
    "count": 0,
    "lang": "en",
    "updated": 0
  },
  {
    "id": "abf8e9b4-660b-4af0-8101-a763bed68949",
    "data": [
      {
        "text": "tell me about your self",
        "userDefined": false
      }
    ],
    "isTemplate": false,
    "count": 0,
    "lang": "en",
    "updated": 0
  },
  {
    "id": "b14a86bc-9b5f-4143-8a24-78ce79e56c2e",
    "data": [
      {
        "text": "do you have any name?",
        "userDefined": false
      }
    ],
    "isTemplate": false,
    "count": 0,
    "lang": "en",
    "updated": 0
  },
  {
    "id": "124eee1d-a1fc-4030-8e59-cf7a2fb9a4ab",
    "data": [
      {
        "text": "what is your name?",
        "userDefined": false
      }
    ],
    "isTemplate": false,
    "count": 0,
    "lang": "en",
    "updated": 0
  }
]