[
  {
    "id": "52de0c32-34e2-4e10-ae88-cc5aa716d66d",
    "data": [
      {
        "text": "i\u0027m doing great",
        "userDefined": false
      }
    ],
    "isTemplate": false,
    "count": 0,
    "lang": "en",
    "updated": 0
  },
  {
    "id": "f0dc1f29-009a-4b09-9989-b72109078e44",
    "data": [
      {
        "text": "good good",
        "userDefined": false
      }
    ],
    "isTemplate": false,
    "count": 0,
    "lang": "en",
    "updated": 0
  },
  {
    "id": "69536d27-a406-412a-ba76-b61d0450b7fb",
    "data": [
      {
        "text": "i\u0027m good",
        "userDefined": false
      }
    ],
    "isTemplate": false,
    "count": 0,
    "lang": "en",
    "updated": 0
  }
]