[
  {
    "id": "7087abac-d5cf-4b88-a0ba-7cd73b3015f1",
    "data": [
      {
        "text": "can you help me",
        "userDefined": false
      }
    ],
    "isTemplate": false,
    "count": 0,
    "lang": "en",
    "updated": 0
  },
  {
    "id": "06edee8c-e850-4bcd-9268-0ab3b38e5cdb",
    "data": [
      {
        "text": "how can you help me",
        "userDefined": false
      }
    ],
    "isTemplate": false,
    "count": 0,
    "lang": "en",
    "updated": 0
  },
  {
    "id": "a97f741c-2d32-42da-9a9d-9dbf53a7ebb6",
    "data": [
      {
        "text": "how can you help",
        "userDefined": false
      }
    ],
    "isTemplate": false,
    "count": 0,
    "lang": "en",
    "updated": 0
  }
]